"city","city_ascii","state_id","state_name","county_fips","county_name","lat","lng","population","population_proper","density","source","incorporated","timezone","zips","id"
"Prairie Ridge","Prairie Ridge","WA","Washington","53053","Pierce","47.1443","-122.1408","","","1349.8","polygon","False","America/Los_Angeles","98360 98391","1840037882"
"Edison","Edison","WA","Washington","53057","Skagit","48.5602","-122.4311","","","127.4","polygon","False","America/Los_Angeles","98232","1840017314"
"Packwood","Packwood","WA","Washington","53041","Lewis","46.6085","-121.6702","","","213.9","polygon","False","America/Los_Angeles","98361","1840025265"
"Wautauga Beach","Wautauga Beach","WA","Washington","53035","Kitsap","47.5862","-122.5482","","","261.7","point","False","America/Los_Angeles","98366","1840037725"
"Harper","Harper","WA","Washington","53035","Kitsap","47.5207","-122.5196","","","342.1","point","False","America/Los_Angeles","98366","1840037659"
"Telma","Telma","WA","Washington","53007","Chelan","47.8432","-120.8157","","","1.4","point","False","America/Los_Angeles","98826","1840037825"
"Kahlotus","Kahlotus","WA","Washington","53021","Franklin","46.6437","-118.5565","199","199","173","polygon","True","America/Los_Angeles","99335","1840018478"
"Mondovi","Mondovi","WA","Washington","53043","Lincoln","47.6813","-118.0164","","","9.4","point","False","America/Los_Angeles","99122","1840037576"
"Washtucna","Washtucna","WA","Washington","53001","Adams","46.7540","-118.3106","204","204","120","polygon","True","America/Los_Angeles","99371","1840022312"
"Pleasant Hill","Pleasant Hill","WA","Washington","53033","King","47.6154","-121.9096","","","25.8","point","False","America/Los_Angeles","98014","1840037805"
"Toledo","Toledo","WA","Washington","53041","Lewis","46.4412","-122.8493","751","751","738","polygon","True","America/Los_Angeles","98591","1840021162"
"Wabash","Wabash","WA","Washington","53033","King","47.2429","-122.0576","","","56.2","point","False","America/Los_Angeles","98022","1840037831"
"Renton","Renton","WA","Washington","53033","King","47.4758","-122.1905","101379","101379","1671","polygon","True","America/Los_Angeles","98059 98058 98057 98056 98055","1840019827"
"Chehalis","Chehalis","WA","Washington","53041","Lewis","46.6637","-122.9647","7533","7533","500","polygon","True","America/Los_Angeles","98532","1840018472"
"Marcellus","Marcellus","WA","Washington","53001","Adams","47.2335","-118.4053","","","0.0","point","False","America/Los_Angeles","99169","1840033750"
"Central Valley","Central Valley","WA","Washington","53035","Kitsap","47.6632","-122.6499","","","157.5","point","False","America/Los_Angeles","98370","1840037628"
"Ralston","Ralston","WA","Washington","53001","Adams","46.9838","-118.3427","","","0.7","point","False","America/Los_Angeles","99169","1840033741"
"Lake City","Lake City","WA","Washington","53053","Pierce","47.1487","-122.5512","","","1944.4","point","False","America/Los_Angeles","98498","1840037674"
"Megler","Megler","WA","Washington","53049","Pacific","46.2509","-123.8576","","","9.9","point","False","America/Los_Angeles","98638","1840037572"
"Alder","Alder","WA","Washington","53053","Pierce","46.7872","-122.2666","","","14.4","polygon","False","America/Los_Angeles","98328","1840023829"
"Goose Prairie","Goose Prairie","WA","Washington","53077","Yakima","46.8951","-121.2670","","","0.0","point","False","America/Los_Angeles","98937","1840033760"
"Belvedere","Belvedere","WA","Washington","53047","Okanogan","48.0499","-118.9850","","","4.6","point","False","America/Los_Angeles","99116","1840037529"
"Waverly","Waverly","WA","Washington","53063","Spokane","47.3381","-117.2313","108","108","101","polygon","True","America/Los_Angeles","99012 99039","1840022291"
"Turner Corner","Turner Corner","WA","Washington","53061","Snohomish","47.8045","-122.1435","","","161.0","point","False","America/Los_Angeles","98072","1840037720"
"Lofall","Lofall","WA","Washington","53035","Kitsap","47.8114","-122.6563","","","260.6","polygon","False","America/Los_Angeles","98370","1840023798"
"Kennydale","Kennydale","WA","Washington","53033","King","47.5207","-122.2068","","","2263.7","point","False","America/Los_Angeles","98056","1840037672"
"Easton","Easton","WA","Washington","53037","Kittitas","47.2405","-121.1733","","","122.5","polygon","False","America/Los_Angeles","98925","1840017354"
"Navy Yard City","Navy Yard City","WA","Washington","53035","Kitsap","47.5508","-122.6655","","","1659.8","polygon","False","America/Los_Angeles","98312","1840018407"
"Mercer Island","Mercer Island","WA","Washington","53033","King","47.5625","-122.2265","25261","25261","1529","polygon","True","America/Los_Angeles","98040","1840019830"
"Lynnwood","Lynnwood","WA","Washington","53061","Snohomish","47.8285","-122.3034","38273","38273","1886","polygon","True","America/Los_Angeles","98037 98036 98046","1840019788"
"Coulee City","Coulee City","WA","Washington","53025","Grant","47.6120","-119.2892","567","567","240","polygon","True","America/Los_Angeles","99115","1840022293"
"Douglas","Douglas","WA","Washington","53017","Douglas","47.6212","-120.0048","","","16.4","point","False","America/Los_Angeles","98858","1840037763"
"Centralia","Centralia","WA","Washington","53041","Lewis","46.7226","-122.9695","41643.0","17216","884","polygon","True","America/Los_Angeles","98531","1840018471"
"Colbert","Colbert","WA","Washington","53063","Spokane","47.8266","-117.3419","","","115.6","point","False","America/Los_Angeles","99005","1840037633"
"Bryn Mawr","Bryn Mawr","WA","Washington","53033","King","47.5034","-122.2329","","","2502.5","point","False","America/Los_Angeles","98178","1840037837"
"Silverdale","Silverdale","WA","Washington","53035","Kitsap","47.6663","-122.6828","","","595.7","polygon","False","America/Los_Angeles","98311 98370 98383","1840018406"
"Lyle","Lyle","WA","Washington","53039","Klickitat","45.6956","-121.2805","","","579.9","polygon","False","America/Los_Angeles","98635","1840017402"
"Malott","Malott","WA","Washington","53047","Okanogan","48.2919","-119.6955","","","155.5","polygon","False","America/Los_Angeles","98840 98829","1840025236"
"Mountlake Terrace","Mountlake Terrace","WA","Washington","53061","Snohomish","47.7920","-122.3076","21337","21337","2021","polygon","True","America/Los_Angeles","98043","1840019792"
"Ilwaco","Ilwaco","WA","Washington","53049","Pacific","46.3108","-124.0422","945","945","176","polygon","True","America/Los_Angeles","98624","1840018470"
"Fairwood","Fairwood","WA","Washington","53033","King","47.4467","-122.1430","","","1858.6","polygon","False","America/Los_Angeles","98058","1840037517"
"Warm Beach","Warm Beach","WA","Washington","53061","Snohomish","48.1649","-122.3442","","","693.0","polygon","False","America/Los_Angeles","98292","1840018377"
"Thomas","Thomas","WA","Washington","53033","King","47.3537","-122.2290","","","158.9","point","False","America/Los_Angeles","98002","1840037715"
"Parker","Parker","WA","Washington","53077","Yakima","46.5022","-120.4668","","","14.8","polygon","False","America/Los_Angeles","98939 98951","1840023856"
"Steptoe","Steptoe","WA","Washington","53075","Whitman","47.0075","-117.3502","","","90.9","polygon","False","America/Los_Angeles","99111 99174","1840025258"
"Vail","Vail","WA","Washington","53067","Thurston","46.8451","-122.6562","","","106.3","point","False","America/Los_Angeles","98576","1840037829"
"Magnolia Beach","Magnolia Beach","WA","Washington","53033","King","47.3820","-122.4832","","","182.7","point","False","America/Los_Angeles","98070","1840037501"
"Lakeview","Lakeview","WA","Washington","53053","Pierce","47.1593","-122.4982","","","2782.1","point","False","America/Los_Angeles","98499","1840037676"
"Shaw Island","Shaw Island","WA","Washington","53055","San Juan","48.5843","-122.9291","","","17.0","point","False","America/Los_Angeles","98286","1840037589"
"Oakesdale","Oakesdale","WA","Washington","53075","Whitman","47.1305","-117.2465","442","442","164","polygon","True","America/Los_Angeles","99158","1840022314"
"Rosburg","Rosburg","WA","Washington","53069","Wahkiakum","46.3076","-123.6344","","","11.1","polygon","False","America/Los_Angeles","98643","1840023878"
"Seattle","Seattle","WA","Washington","53033","King","47.6211","-122.3244","3643765.0","724745","3337","polygon","True","America/Los_Angeles","98109 98108 98104 98107 98106 98101 98103 98102 98105 98154 98122 98121 98126 98125 98178 98174 98177 98144 98146 98195 98199 98118 98119 98116 98117 98115 98112 98164 98134 98136 98133 98111 98113 98114 98124 98127 98129 98139 98141 98145 98161 98165 98170 98175 98181 98185 98191 98194","1840021117"
"Onalaska","Onalaska","WA","Washington","53041","Lewis","46.5783","-122.7112","","","462.0","polygon","False","America/Los_Angeles","98570","1840025264"
"George","George","WA","Washington","53025","Grant","47.0846","-119.8598","507","507","151","polygon","True","America/Los_Angeles","98848 98824","1840019814"
"Index","Index","WA","Washington","53061","Snohomish","47.8212","-121.5556","205","205","384","polygon","True","America/Los_Angeles","98256","1840021082"
"Winchester","Winchester","WA","Washington","53025","Grant","47.2490","-119.7198","","","16.7","point","False","America/Los_Angeles","98848","1840037602"
"Chelatchie","Chelatchie","WA","Washington","53011","Clark","45.9279","-122.3795","","","20.2","point","False","America/Los_Angeles","98601","1840037753"
"Allentown","Allentown","WA","Washington","53033","King","47.4943","-122.2762","","","1653.6","point","False","America/Los_Angeles","98178","1840037613"
"Novelty","Novelty","WA","Washington","53033","King","47.7090","-121.9846","","","12.0","point","False","America/Los_Angeles","98019","1840037580"
"Rosalia","Rosalia","WA","Washington","53075","Whitman","47.2363","-117.3770","567","567","348","polygon","True","America/Los_Angeles","99170","1840021138"
"Richmond Beach","Richmond Beach","WA","Washington","53033","King","47.7695","-122.3901","","","2048.9","point","False","America/Los_Angeles","98177","1840037706"
"Lakota","Lakota","WA","Washington","53033","King","47.3329","-122.3723","","","526.2","point","False","America/Los_Angeles","98023","1840037562"
"Liberty Lake","Liberty Lake","WA","Washington","53063","Spokane","47.6687","-117.1032","9893","9893","621","polygon","True","America/Los_Angeles","99019 99016","1840037678"
"Airway Heights","Airway Heights","WA","Washington","53063","Spokane","47.6459","-117.5792","8166","8166","524","polygon","True","America/Los_Angeles","99224 99001","1840018399"
"Reardan","Reardan","WA","Washington","53043","Lincoln","47.6698","-117.8778","582","582","451","polygon","True","America/Los_Angeles","99029","1840021110"
"Farmer","Farmer","WA","Washington","53017","Douglas","47.6126","-119.8120","","","0.2","point","False","America/Los_Angeles","98858","1840033737"
"Brier","Brier","WA","Washington","53061","Snohomish","47.7922","-122.2734","6884","6884","1206","polygon","True","America/Los_Angeles","98036","1840018379"
"Robe","Robe","WA","Washington","53061","Snohomish","48.0973","-121.8135","","","38.7","point","False","America/Los_Angeles","98252","1840037811"
"Elk Plain","Elk Plain","WA","Washington","53053","Pierce","47.0448","-122.3671","","","105.5","polygon","False","America/Los_Angeles","98387 98338","1840037546"
"Port Townsend","Port Townsend","WA","Washington","53031","Jefferson","48.1220","-122.7872","8804.0","9551","530","polygon","True","America/Los_Angeles","98368","1840019797"
"Ocean City","Ocean City","WA","Washington","53027","Grays Harbor","47.0762","-124.1619","","","44.7","polygon","False","America/Los_Angeles","98569","1840018444"
"Boulevard Park","Boulevard Park","WA","Washington","53033","King","47.5135","-122.3159","","","1426.1","polygon","False","America/Los_Angeles","98108 98168","1840037519"
"Newhalem","Newhalem","WA","Washington","53073","Whatcom","48.6737","-121.2473","","","20.9","point","False","America/Los_Angeles","98283","1840037799"
"Ford","Ford","WA","Washington","53065","Stevens","47.9082","-117.8058","","","2.6","point","False","America/Los_Angeles","99013","1840037496"
"Waterville","Waterville","WA","Washington","53017","Douglas","47.6480","-120.0707","1198","1198","533","polygon","True","America/Los_Angeles","98858","1840022287"
"Quinault","Quinault","WA","Washington","53027","Grays Harbor","47.4670","-123.8455","","","33.0","point","False","America/Los_Angeles","98575","1840037808"
"Humptulips","Humptulips","WA","Washington","53027","Grays Harbor","47.2491","-123.9348","","","49.8","polygon","False","America/Los_Angeles","98552","1840017361"
"Hamilton","Hamilton","WA","Washington","53057","Skagit","48.5282","-121.9834","309","309","105","polygon","True","America/Los_Angeles","98255 98284","1840021067"
"Oak Harbor","Oak Harbor","WA","Washington","53029","Island","48.2965","-122.6330","34663.0","23187","934","polygon","True","America/Los_Angeles","98277","1840019779"
"Naches","Naches","WA","Washington","53077","Yakima","46.7274","-120.6945","827","827","472","polygon","True","America/Los_Angeles","98937","1840022318"
"Hooper","Hooper","WA","Washington","53001","Adams","46.7749","-118.1486","","","0.0","point","False","America/Los_Angeles","99333","1840033738"
"Anacortes","Anacortes","WA","Washington","53057","Skagit","48.4878","-122.6292","17955.0","16953","559","polygon","True","America/Los_Angeles","98221","1840018366"
"Kettle Falls","Kettle Falls","WA","Washington","53065","Stevens","48.6055","-118.0620","1611","1611","585","polygon","True","America/Los_Angeles","99141","1840019764"
"Walnut Grove","Walnut Grove","WA","Washington","53011","Clark","45.6769","-122.6072","","","1575.0","polygon","False","America/Los_Angeles","98665 98661 98662","1840018522"
"Salkum","Salkum","WA","Washington","53041","Lewis","46.5321","-122.6259","","","72.1","point","False","America/Los_Angeles","98582","1840037813"
"Cunningham","Cunningham","WA","Washington","53001","Adams","46.8221","-118.8064","","","8.3","point","False","America/Los_Angeles","99344","1840037636"
"Irby","Irby","WA","Washington","53043","Lincoln","47.3593","-118.8511","","","2.0","point","False","America/Los_Angeles","99159","1840037557"
"Electric City","Electric City","WA","Washington","53025","Grant","47.9220","-119.0475","1001","1001","189","polygon","True","America/Los_Angeles","99123 99133","1840021104"
"Burbank","Burbank","WA","Washington","53071","Walla Walla","46.1991","-118.9728","","","640.5","polygon","False","America/Los_Angeles","99323","1840017383"
"Silver Lake","Silver Lake","WA","Washington","53015","Cowlitz","46.2973","-122.8107","","","45.1","point","False","America/Los_Angeles","98645","1840037509"
"Dash Point","Dash Point","WA","Washington","53053","Pierce","47.3131","-122.4153","","","1057.7","polygon","False","America/Los_Angeles","98422","1840037637"
"Pataha","Pataha","WA","Washington","53023","Garfield","46.4732","-117.5366","","","53.2","point","False","America/Los_Angeles","99347","1840037699"
"Laurel","Laurel","WA","Washington","53039","Klickitat","45.9440","-121.3801","","","0.3","point","False","America/Los_Angeles","98619","1840033763"
"Woods Creek","Woods Creek","WA","Washington","53061","Snohomish","47.8821","-121.8982","","","173.1","polygon","False","America/Los_Angeles","98272","1840037864"
"McKenna","McKenna","WA","Washington","53053","Pierce","46.9365","-122.5500","","","337.2","polygon","False","America/Los_Angeles","98580 98558","1840023836"
"Revere","Revere","WA","Washington","53075","Whitman","47.0813","-117.9302","","","0.1","point","False","America/Los_Angeles","99125","1840033742"
"Kalama","Kalama","WA","Washington","53015","Cowlitz","46.0171","-122.8393","3794.0","2687","297","polygon","True","America/Los_Angeles","98625","1840018502"
"Grandview","Grandview","WA","Washington","53077","Yakima","46.2431","-119.9084","18858.0","11129","670","polygon","True","America/Los_Angeles","98935 98930","1840019871"
"Winthrop","Winthrop","WA","Washington","53047","Okanogan","48.4716","-120.1790","439","439","182","polygon","True","America/Los_Angeles","98862","1840022272"
"Maltby","Maltby","WA","Washington","53061","Snohomish","47.8027","-122.1044","","","80.4","polygon","False","America/Los_Angeles","98021 98296 98072 98077","1840017326"
"Spangle","Spangle","WA","Washington","53063","Spokane","47.4299","-117.3812","307","307","339","polygon","True","America/Los_Angeles","99031","1840022290"
"Blanchard","Blanchard","WA","Washington","53057","Skagit","48.5934","-122.4166","","","39.7","point","False","America/Los_Angeles","98232","1840037747"
"Artondale","Artondale","WA","Washington","53053","Pierce","47.3023","-122.6398","","","350.1","polygon","False","America/Los_Angeles","98335","1840037617"
"May Creek","May Creek","WA","Washington","53061","Snohomish","47.8555","-121.6744","","","301.6","polygon","False","America/Los_Angeles","98251","1840037857"
"Home","Home","WA","Washington","53053","Pierce","47.2790","-122.7744","","","198.6","polygon","False","America/Los_Angeles","98349","1840023831"
"Vashon","Vashon","WA","Washington","53033","King","47.4122","-122.4726","","","386.3","polygon","False","America/Los_Angeles","98070 98013","1840018414"
"Snoqualmie Falls","Snoqualmie Falls","WA","Washington","53033","King","47.5398","-121.8098","","","1.6","point","False","America/Los_Angeles","98065","1840037818"
"Laurier","Laurier","WA","Washington","53019","Ferry","48.9974","-118.2248","","","5.1","polygon","False","America/Los_Angeles","99146","1840026092"
"Quincy","Quincy","WA","Washington","53025","Grant","47.2345","-119.8520","7756.0","7495","490","polygon","True","America/Los_Angeles","98848","1840019818"
"Lake McMurray","Lake McMurray","WA","Washington","53057","Skagit","48.3129","-122.2317","","","122.2","polygon","False","America/Los_Angeles","98274","1840037893"
"Martha Lake","Martha Lake","WA","Washington","53061","Snohomish","47.8480","-122.2326","","","2050.6","polygon","False","America/Los_Angeles","98087 98012 98208","1840037875"
"Ariel","Ariel","WA","Washington","53015","Cowlitz","45.9568","-122.5709","","","54.8","point","False","America/Los_Angeles","98603","1840037526"
"Loon Lake","Loon Lake","WA","Washington","53065","Stevens","48.0685","-117.6298","","","133.7","polygon","False","America/Los_Angeles","99148","1840023998"
"Thornton","Thornton","WA","Washington","53075","Whitman","47.1207","-117.3896","","","10.7","point","False","America/Los_Angeles","99176","1840037512"
"Starbuck","Starbuck","WA","Washington","53013","Columbia","46.5183","-118.1247","131","131","237","polygon","True","America/Los_Angeles","99359","1840022325"
"Ronald","Ronald","WA","Washington","53037","Kittitas","47.2338","-121.0335","","","187.8","polygon","False","America/Los_Angeles","98940","1840018438"
"Kelso","Kelso","WA","Washington","53015","Cowlitz","46.1248","-122.8908","12130","12130","580","polygon","True","America/Los_Angeles","98626 98632","1840018503"
"Meadowdale","Meadowdale","WA","Washington","53061","Snohomish","47.8583","-122.3156","","","450.5","polygon","False","America/Los_Angeles","98026","1840023774"
"Cottage Lake","Cottage Lake","WA","Washington","53033","King","47.7466","-122.0755","","","880.7","polygon","False","America/Los_Angeles","98072 98077","1840037848"
"Cheney","Cheney","WA","Washington","53063","Spokane","47.4902","-117.5789","12421.0","12446","1106","polygon","True","America/Los_Angeles","99004","1840018398"
"Woodway","Woodway","WA","Washington","53061","Snohomish","47.7903","-122.3851","1378","1378","455","polygon","True","America/Los_Angeles","98020","1840037730"
"Lacey","Lacey","WA","Washington","53067","Thurston","47.0450","-122.7931","49748","49748","1168","polygon","True","America/Los_Angeles","98516 98503 98509","1840019866"
"Harrah","Harrah","WA","Washington","53077","Yakima","46.4070","-120.5423","636","636","1131","polygon","True","America/Los_Angeles","98933","1840021156"
"Allyn","Allyn","WA","Washington","53045","Mason","47.3863","-122.8386","","","301.1","polygon","False","America/Los_Angeles","98524","1840025251"
"South Bend","South Bend","WA","Washington","53049","Pacific","46.6680","-123.8008","1651","1651","394","polygon","True","America/Los_Angeles","98586 98577","1840021161"
"Barstow","Barstow","WA","Washington","53019","Ferry","48.7783","-118.1329","","","10.7","polygon","False","America/Los_Angeles","99141","1840026089"
"Tiger","Tiger","WA","Washington","53051","Pend Oreille","48.6916","-117.4077","","","26.3","point","False","America/Los_Angeles","99119","1840037834"
"Warden","Warden","WA","Washington","53025","Grant","46.9681","-119.0515","2716.0","2729","394","polygon","True","America/Los_Angeles","98857","1840021103"
"Junction City","Junction City","WA","Washington","53027","Grays Harbor","46.9713","-123.7651","","","1.8","polygon","False","America/Los_Angeles","98520","1840017362"
"Blyn","Blyn","WA","Washington","53009","Clallam","48.0131","-122.9897","","","42.8","polygon","False","America/Los_Angeles","98382","1840017318"
"Lakebay","Lakebay","WA","Washington","53053","Pierce","47.2570","-122.7585","","","51.7","point","False","America/Los_Angeles","98349","1840037737"
"Tahuya","Tahuya","WA","Washington","53045","Mason","47.3712","-123.0557","","","155.0","point","False","America/Los_Angeles","98588","1840037823"
"Waukon","Waukon","WA","Washington","53043","Lincoln","47.5396","-117.8433","","","0.7","point","False","America/Los_Angeles","99008","1840033747"
"Kitsap Lake","Kitsap Lake","WA","Washington","53035","Kitsap","47.5829","-122.7085","","","571.9","point","False","America/Los_Angeles","98312","1840037673"
"Sultan","Sultan","WA","Washington","53061","Snohomish","47.8702","-121.8041","8803.0","5130","648","polygon","True","America/Los_Angeles","98294","1840021080"
"Plain","Plain","WA","Washington","53007","Chelan","47.7626","-120.6573","","","10.2","point","False","America/Los_Angeles","98826","1840037804"
"Tanner","Tanner","WA","Washington","53033","King","47.4813","-121.6922","","","206.5","polygon","False","America/Los_Angeles","98045","1840037824"
"Stehekin","Stehekin","WA","Washington","53007","Chelan","48.3093","-120.6565","","","0.7","point","False","America/Los_Angeles","98852","1840033776"
"Edmonds","Edmonds","WA","Washington","53061","Snohomish","47.8114","-122.3533","42209","42209","1829","polygon","True","America/Los_Angeles","98026 98020","1840037645"
"North Hill","North Hill","WA","Washington","53033","King","47.4193","-122.3235","","","2208.6","point","False","America/Los_Angeles","98198","1840037877"
"Zillah","Zillah","WA","Washington","53077","Yakima","46.4083","-120.2718","3125","3125","699","polygon","True","America/Los_Angeles","98953","1840021155"
"Monse","Monse","WA","Washington","53047","Okanogan","48.1413","-119.6778","","","7.9","point","False","America/Los_Angeles","98812","1840037798"
"Lake Forest Park","Lake Forest Park","WA","Washington","53033","King","47.7596","-122.2879","13392","13392","1469","polygon","True","America/Los_Angeles","98155","1840019837"
"Chinook","Chinook","WA","Washington","53049","Pacific","46.2755","-123.9425","","","323.8","polygon","False","America/Los_Angeles","98624 98614","1840017374"
"Albion","Albion","WA","Washington","53075","Whitman","46.7916","-117.2511","608","608","598","polygon","True","America/Los_Angeles","99163 99102","1840021136"
"Skykomish","Skykomish","WA","Washington","53033","King","47.7103","-121.3584","216","216","267","polygon","True","America/Los_Angeles","98288","1840022299"
"Yakima","Yakima","WA","Washington","53077","Yakima","46.5923","-120.5496","133233.0","93667","1302","polygon","True","America/Los_Angeles","98901 98903 98902 98908 98904 98907","1840021154"
"Pacific","Pacific","WA","Washington","53033","King","47.2610","-122.2507","7184","7184","1149","polygon","True","America/Los_Angeles","98001 98047","1840019834"
"Wishram","Wishram","WA","Washington","53039","Klickitat","45.6599","-120.9698","","","106.8","polygon","False","America/Los_Angeles","98673","1840018528"
"Cascade Valley","Cascade Valley","WA","Washington","53025","Grant","47.1371","-119.3272","","","576.1","polygon","False","America/Los_Angeles","98837","1840037865"
"Cathcart","Cathcart","WA","Washington","53061","Snohomish","47.8525","-122.1058","","","214.0","polygon","False","America/Los_Angeles","98296","1840017324"
"Brush Prairie","Brush Prairie","WA","Washington","53011","Clark","45.7250","-122.5483","","","119.5","polygon","False","America/Los_Angeles","98606 98662","1840017398"
"Amboy","Amboy","WA","Washington","53011","Clark","45.9122","-122.4795","","","120.2","polygon","False","America/Los_Angeles","98601 98675","1840017396"
"Centerville","Centerville","WA","Washington","53039","Klickitat","45.7540","-120.9081","","","37.3","polygon","False","America/Los_Angeles","98613","1840017401"
"Verlot","Verlot","WA","Washington","53061","Snohomish","48.1002","-121.7679","","","27.5","polygon","False","America/Los_Angeles","98252","1840018376"
"Alstown","Alstown","WA","Washington","53017","Douglas","47.5610","-119.9951","","","1.0","point","False","America/Los_Angeles","98858","1840037525"
"Synarep","Synarep","WA","Washington","53047","Okanogan","48.5210","-119.3309","","","4.2","point","False","America/Los_Angeles","98849","1840037822"
"Annapolis","Annapolis","WA","Washington","53035","Kitsap","47.5476","-122.6207","","","1582.0","point","False","America/Los_Angeles","98366","1840037615"
"Port Gamble","Port Gamble","WA","Washington","53035","Kitsap","47.8543","-122.5838","","","138.5","point","False","America/Los_Angeles","98370","1840037702"
"Eatonville","Eatonville","WA","Washington","53053","Pierce","46.8682","-122.2697","3038.0","2991","633","polygon","True","America/Los_Angeles","98328","1840021131"
"Similk Beach","Similk Beach","WA","Washington","53057","Skagit","48.4479","-122.5779","","","269.4","point","False","America/Los_Angeles","98221","1840037712"
"Cougar","Cougar","WA","Washington","53015","Cowlitz","46.0515","-122.2995","","","52.9","point","False","America/Los_Angeles","98616","1840037758"
"Eglon","Eglon","WA","Washington","53035","Kitsap","47.8626","-122.5146","","","72.7","point","False","America/Los_Angeles","98346","1840037647"
"Paterson","Paterson","WA","Washington","53005","Benton","45.9371","-119.6028","","","43.3","point","False","America/Los_Angeles","99345","1840037581"
"Tenino","Tenino","WA","Washington","53067","Thurston","46.8537","-122.8607","1830","1830","491","polygon","True","America/Los_Angeles","98589","1840021144"
"Minnehaha","Minnehaha","WA","Washington","53011","Clark","45.6577","-122.6204","","","1002.8","polygon","False","America/Los_Angeles","98661","1840018518"
"Raymond","Raymond","WA","Washington","53049","Pacific","46.6838","-123.7381","4136.0","2920","275","polygon","True","America/Los_Angeles","98577","1840019881"
"Alger","Alger","WA","Washington","53057","Skagit","48.6176","-122.3369","","","64.5","polygon","False","America/Los_Angeles","98229 98233 98232 98284","1840017312"
"Roy","Roy","WA","Washington","53053","Pierce","46.9971","-122.5423","820","820","652","polygon","True","America/Los_Angeles","98580","1840019856"
"Almira","Almira","WA","Washington","53043","Lincoln","47.7105","-118.9369","276","276","205","polygon","True","America/Los_Angeles","99103","1840021108"
"Fragaria","Fragaria","WA","Washington","53035","Kitsap","47.4640","-122.5312","","","164.3","point","False","America/Los_Angeles","98359","1840037550"
"Green Bluff","Green Bluff","WA","Washington","53063","Spokane","47.8190","-117.2770","","","65.5","polygon","False","America/Los_Angeles","99021 99005","1840023785"
"Woodmont Beach","Woodmont Beach","WA","Washington","53033","King","47.3615","-122.3121","","","1596.9","point","False","America/Los_Angeles","98198","1840037729"
"Frances","Frances","WA","Washington","53049","Pacific","46.5423","-123.5049","","","13.2","point","False","America/Los_Angeles","98577","1840037654"
"Lynden","Lynden","WA","Washington","53073","Whatcom","48.9503","-122.4544","17340.0","14259","1019","polygon","True","America/Los_Angeles","98264","1840019752"
"Clayton","Clayton","WA","Washington","53065","Stevens","48.0012","-117.5611","","","125.4","polygon","False","America/Los_Angeles","99110","1840025239"
"Everson","Everson","WA","Washington","53073","Whatcom","48.9123","-122.3510","4709.0","2699","800","polygon","True","America/Los_Angeles","98247","1840019750"
"White Swan","White Swan","WA","Washington","53077","Yakima","46.3769","-120.7382","","","347.5","polygon","False","America/Los_Angeles","98952","1840018464"
"Camano","Camano","WA","Washington","53029","Island","48.1865","-122.4708","","","306.3","polygon","False","America/Los_Angeles","98282","1840037492"
"Cedar Grove","Cedar Grove","WA","Washington","53033","King","47.4357","-122.0621","","","107.3","point","False","America/Los_Angeles","98038","1840037534"
"Winton","Winton","WA","Washington","53007","Chelan","47.7354","-120.7412","","","16.8","point","False","America/Los_Angeles","98826","1840037833"
"East Olympia","East Olympia","WA","Washington","53067","Thurston","46.9676","-122.8357","","","241.2","point","False","America/Los_Angeles","98501","1840037493"
"Sunset Beach","Sunset Beach","WA","Washington","53053","Pierce","47.2182","-122.5726","","","698.7","point","False","America/Los_Angeles","98466","1840037714"
"Belfair","Belfair","WA","Washington","53045","Mason","47.4512","-122.8473","","","257.3","polygon","False","America/Los_Angeles","98528","1840025252"
"Oso","Oso","WA","Washington","53061","Snohomish","48.2836","-121.9238","","","72.7","polygon","False","America/Los_Angeles","98223","1840018374"
"Federal Way","Federal Way","WA","Washington","53033","King","47.3090","-122.3359","96690","96690","1680","polygon","True","America/Los_Angeles","98023 98003 98063 98093","1840019826"
"Scandia","Scandia","WA","Washington","53035","Kitsap","47.7165","-122.6579","","","292.5","point","False","America/Los_Angeles","98370","1840037840"
"Quilcene","Quilcene","WA","Washington","53031","Jefferson","47.8369","-122.9058","","","119.0","polygon","False","America/Los_Angeles","98376","1840018389"
"Covada","Covada","WA","Washington","53019","Ferry","48.2204","-118.2089","","","1.9","point","False","America/Los_Angeles","99138","1840037542"
"Keyport","Keyport","WA","Washington","53035","Kitsap","47.6993","-122.6232","","","579.7","polygon","False","America/Los_Angeles","98345","1840023797"
"Juanita","Juanita","WA","Washington","53033","King","47.7032","-122.2071","","","3292.4","point","False","America/Los_Angeles","98033","1840037670"
"Molson","Molson","WA","Washington","53047","Okanogan","48.9810","-119.2006","","","5.0","point","False","America/Los_Angeles","98844","1840037796"
"Daisy","Daisy","WA","Washington","53065","Stevens","48.3613","-118.1600","","","21.8","point","False","America/Los_Angeles","99167","1840037760"
"Sumas","Sumas","WA","Washington","53073","Whatcom","48.9956","-122.2695","1464","1464","384","polygon","True","America/Los_Angeles","98295","1840021045"
"Mill Creek","Mill Creek","WA","Washington","53061","Snohomish","47.8633","-122.2034","20832","20832","1747","polygon","True","America/Los_Angeles","98012 98082","1840019790"
"Lakewood","Lakewood","WA","Washington","53053","Pierce","47.1628","-122.5299","60296","60296","1361","polygon","True","America/Los_Angeles","98499 98498 98496 98497","1840019860"
"Venersborg","Venersborg","WA","Washington","53011","Clark","45.7860","-122.4721","","","77.0","polygon","False","America/Los_Angeles","98604","1840018521"
"West Lake Sammamish","West Lake Sammamish","WA","Washington","53033","King","47.5776","-122.1012","","","0","point","False","America/Los_Angeles","98008","1840033791"
"Port Angeles","Port Angeles","WA","Washington","53009","Clallam","48.1142","-123.4565","23865.0","19872","716","polygon","True","America/Los_Angeles","98363 98362","1840019782"
"Longview","Longview","WA","Washington","53015","Cowlitz","46.1460","-122.9630","65619.0","37602","976","polygon","True","America/Los_Angeles","98632","1840019904"
"Fairmont","Fairmont","WA","Washington","53061","Snohomish","47.9020","-122.2543","","","2665.2","point","False","America/Los_Angeles","98204","1840037612"
"Wapato","Wapato","WA","Washington","53077","Yakima","46.4434","-120.4215","7686.0","5049","1646","polygon","True","America/Los_Angeles","98951","1840021153"
"East Port Orchard","East Port Orchard","WA","Washington","53035","Kitsap","47.5193","-122.6183","","","961.3","polygon","False","America/Los_Angeles","98366","1840037838"
"North Omak","North Omak","WA","Washington","53047","Okanogan","48.4440","-119.4459","","","5.3","polygon","False","America/Los_Angeles","98841","1840037879"
"East Farms","East Farms","WA","Washington","53063","Spokane","47.7074","-117.0524","","","753.0","point","False","America/Los_Angeles","99025","1840037644"
"Eschbach","Eschbach","WA","Washington","53077","Yakima","46.6670","-120.6337","","","231.1","polygon","False","America/Los_Angeles","98908","1840017369"
"Chattaroy","Chattaroy","WA","Washington","53063","Spokane","47.8896","-117.3577","","","68.3","point","False","America/Los_Angeles","99003","1840037629"
"Inchelium","Inchelium","WA","Washington","53019","Ferry","48.3378","-118.2372","","","164.9","polygon","False","America/Los_Angeles","99138","1840017307"
"Maxwelton","Maxwelton","WA","Washington","53029","Island","47.9373","-122.4443","","","194.6","point","False","America/Los_Angeles","98236","1840037681"
"White Center","White Center","WA","Washington","53033","King","47.5086","-122.3480","","","4133.9","polygon","False","America/Los_Angeles","98106 98146 98168","1840037727"
"Medical Lake","Medical Lake","WA","Washington","53063","Spokane","47.5713","-117.6893","4818.0","4957","567","polygon","True","America/Los_Angeles","99022","1840019804"
"Lyman","Lyman","WA","Washington","53057","Skagit","48.5230","-122.0634","468","468","269","polygon","True","America/Los_Angeles","98263 98284","1840021069"
"Arlington","Arlington","WA","Washington","53061","Snohomish","48.1697","-122.1446","19212","19212","756","polygon","True","America/Los_Angeles","98223","1840018378"
"Ruston","Ruston","WA","Washington","53053","Pierce","47.2982","-122.5100","828","828","1202","polygon","True","America/Los_Angeles","98407","1840021132"
"McCleary","McCleary","WA","Washington","53027","Grays Harbor","47.0584","-123.2723","1691","1691","318","polygon","True","America/Los_Angeles","98557","1840019846"
"Sammamish","Sammamish","WA","Washington","53033","King","47.6019","-122.0419","64548","64548","1219","polygon","True","America/Los_Angeles","98029 98075 98074","1840021115"
"Covington","Covington","WA","Washington","53033","King","47.3668","-122.1044","20916","20916","1363","polygon","True","America/Los_Angeles","98042","1840018425"
"McMillin","McMillin","WA","Washington","53053","Pierce","47.1286","-122.2374","","","245.2","polygon","False","America/Los_Angeles","98360 98374","1840023837"
"La Grande","La Grande","WA","Washington","53053","Pierce","46.8199","-122.2962","","","8.7","polygon","False","America/Los_Angeles","98328","1840023834"
"Cromwell","Cromwell","WA","Washington","53053","Pierce","47.2743","-122.6224","","","394.2","point","False","America/Los_Angeles","98335","1840037543"
"Berrydale","Berrydale","WA","Washington","53033","King","47.3398","-122.1279","","","358.7","point","False","America/Los_Angeles","98042","1840037515"
"Wenatchee","Wenatchee","WA","Washington","53007","Chelan","47.4338","-120.3285","71512.0","33962","1325","polygon","True","America/Los_Angeles","98801","1840021074"
"Urban","Urban","WA","Washington","53057","Skagit","48.6179","-122.6921","","","2.8","point","False","America/Los_Angeles","98221","1840037597"
"Maplewood","Maplewood","WA","Washington","53053","Pierce","47.3715","-122.5689","","","153.7","polygon","False","America/Los_Angeles","98332","1840037569"
"Marys Corner","Marys Corner","WA","Washington","53041","Lewis","46.5471","-122.8226","","","112.6","point","False","America/Los_Angeles","98532","1840037570"
"Mattawa","Mattawa","WA","Washington","53025","Grant","46.7364","-119.9019","5122.0","4556","2388","polygon","True","America/Los_Angeles","99349","1840022292"
"Cove","Cove","WA","Washington","53033","King","47.4520","-122.5079","","","125.5","point","False","America/Los_Angeles","98070","1840037635"
"Chico","Chico","WA","Washington","53035","Kitsap","47.6234","-122.7198","","","438.7","polygon","False","America/Los_Angeles","98312 98383","1840037630"
"Maple Falls","Maple Falls","WA","Washington","53073","Whatcom","48.9135","-122.1049","","","154.4","polygon","False","America/Los_Angeles","98244","1840017290"
"Colvos","Colvos","WA","Washington","53033","King","47.4762","-122.4907","","","118.3","point","False","America/Los_Angeles","98070","1840037541"
"Ames Lake","Ames Lake","WA","Washington","53033","King","47.6346","-121.9664","","","379.3","polygon","False","America/Los_Angeles","98053 98014","1840037846"
"Ellisforde","Ellisforde","WA","Washington","53047","Okanogan","48.7899","-119.4012","","","28.7","point","False","America/Los_Angeles","98855","1840037843"
"Selah","Selah","WA","Washington","53077","Yakima","46.6482","-120.5389","7859","7859","662","polygon","True","America/Los_Angeles","98942","1840021149"
"Pine Lake","Pine Lake","WA","Washington","53033","King","47.5787","-122.0462","","","1057.1","point","False","America/Los_Angeles","98075","1840037881"
"Tampico","Tampico","WA","Washington","53077","Yakima","46.5325","-120.8727","","","35.6","polygon","False","America/Los_Angeles","98903","1840023857"
"Colton","Colton","WA","Washington","53075","Whitman","46.5675","-117.1285","467","467","292","polygon","True","America/Los_Angeles","99113","1840022315"
"Usk","Usk","WA","Washington","53051","Pend Oreille","48.3138","-117.2797","","","120.0","point","False","America/Los_Angeles","99180","1840037828"
"Cle Elum","Cle Elum","WA","Washington","53037","Kittitas","47.1946","-120.9553","3768.0","1993","179","polygon","True","America/Los_Angeles","98943 98922","1840018440"
"Omak","Omak","WA","Washington","53047","Okanogan","48.4227","-119.5159","8130.0","4787","478","polygon","True","America/Los_Angeles","98841","1840019761"
"Eureka","Eureka","WA","Washington","53071","Walla Walla","46.3032","-118.6167","","","0.0","point","False","America/Los_Angeles","99348","1840033730"
"Harrington","Harrington","WA","Washington","53043","Lincoln","47.4802","-118.2553","411","411","404","polygon","True","America/Los_Angeles","99134","1840019819"
"Sedro-Woolley","Sedro-Woolley","WA","Washington","53057","Skagit","48.5113","-122.2320","11838","11838","1057","polygon","True","America/Los_Angeles","98284","1840021066"
"Cherry Grove","Cherry Grove","WA","Washington","53011","Clark","45.8021","-122.5764","","","120.6","polygon","False","America/Los_Angeles","98604","1840037538"
"La Push","La Push","WA","Washington","53009","Clallam","47.9087","-124.6366","","","149.1","point","False","America/Los_Angeles","98350","1840037839"
"Lake Ketchum","Lake Ketchum","WA","Washington","53061","Snohomish","48.2820","-122.3480","","","352.6","polygon","False","America/Los_Angeles","98292","1840037852"
"Arletta","Arletta","WA","Washington","53053","Pierce","47.2901","-122.6676","","","251.3","point","False","America/Los_Angeles","98335","1840037616"
"Opportunity","Opportunity","WA","Washington","53063","Spokane","47.6574","-117.2399","","","1210.6","point","False","America/Los_Angeles","99206","1840037693"
"Glenoma","Glenoma","WA","Washington","53041","Lewis","46.5146","-122.1601","","","30.1","point","False","America/Los_Angeles","98336","1840037768"
"Curlew","Curlew","WA","Washington","53019","Ferry","48.8777","-118.6045","","","66.4","polygon","False","America/Los_Angeles","99118","1840025242"
"Hartline","Hartline","WA","Washington","53025","Grant","47.6894","-119.1081","154","154","178","polygon","True","America/Los_Angeles","99135","1840021105"
"Midland","Midland","WA","Washington","53053","Pierce","47.1734","-122.4120","","","783.9","polygon","False","America/Los_Angeles","98404 98445","1840018452"
"Adna","Adna","WA","Washington","53041","Lewis","46.6290","-123.0612","","","72.0","point","False","America/Los_Angeles","98532","1840037489"
"Roslyn","Roslyn","WA","Washington","53037","Kittitas","47.2507","-121.0987","947","947","84","polygon","True","America/Los_Angeles","98941 98068 98925","1840019842"
"Deer Park","Deer Park","WA","Washington","53063","Spokane","47.9642","-117.4397","3868.0","4080","229","polygon","True","America/Los_Angeles","99006","1840018400"
"Tracyton","Tracyton","WA","Washington","53035","Kitsap","47.6095","-122.6533","","","787.1","polygon","False","America/Los_Angeles","98311 98310 98393","1840018408"
"Hunts Point","Hunts Point","WA","Washington","53033","King","47.6420","-122.2290","434","434","545","polygon","True","America/Los_Angeles","98004","1840021122"
"Koontzville","Koontzville","WA","Washington","53047","Okanogan","48.0157","-118.9472","","","27.6","point","False","America/Los_Angeles","99116","1840037560"
"Fruitland","Fruitland","WA","Washington","53065","Stevens","48.0710","-118.1989","","","5.1","point","False","America/Los_Angeles","99129","1840037552"
"Chewelah","Chewelah","WA","Washington","53065","Stevens","48.2929","-117.7336","2637","2637","341","polygon","True","America/Los_Angeles","99109","1840018360"
"Mohler","Mohler","WA","Washington","53043","Lincoln","47.4049","-118.3291","","","4.0","point","False","America/Los_Angeles","99134","1840037575"
"East Renton Highlands","East Renton Highlands","WA","Washington","53033","King","47.4718","-122.0854","","","318.4","polygon","False","America/Los_Angeles","98027 98059 98038","1840037866"
"Sunnyside","Sunnyside","WA","Washington","53077","Yakima","46.3159","-120.0058","17927.0","16407","842","polygon","True","America/Los_Angeles","98944","1840021150"
"Long Lake","Long Lake","WA","Washington","53043","Lincoln","47.8360","-117.8488","","","11.4","point","False","America/Los_Angeles","99013","1840037566"
"Wauna","Wauna","WA","Washington","53053","Pierce","47.3861","-122.6693","","","429.3","polygon","False","America/Los_Angeles","98329","1840023842"
"Liberty","Liberty","WA","Washington","53037","Kittitas","47.2537","-120.6654","","","15.0","point","False","America/Los_Angeles","98922","1840037787"
"Normandy Park","Normandy Park","WA","Washington","53033","King","47.4344","-122.3436","6649","6649","1027","polygon","True","America/Los_Angeles","98166","1840019832"
"Mirrormont","Mirrormont","WA","Washington","53033","King","47.4616","-121.9936","","","582.8","polygon","False","America/Los_Angeles","98027","1840037876"
"Parkwood","Parkwood","WA","Washington","53035","Kitsap","47.5265","-122.5986","","","918.9","polygon","False","America/Los_Angeles","98366","1840037518"
"Jamestown","Jamestown","WA","Washington","53009","Clallam","48.1229","-123.0911","","","145.8","polygon","False","America/Los_Angeles","98382","1840037668"
"Forks","Forks","WA","Washington","53009","Clallam","47.9526","-124.3904","4274.0","3832","359","polygon","True","America/Los_Angeles","98331","1840019781"
"Wallula","Wallula","WA","Washington","53071","Walla Walla","46.0847","-118.9056","","","213.0","polygon","False","America/Los_Angeles","99363","1840018489"
"Nighthawk","Nighthawk","WA","Washington","53047","Okanogan","48.9665","-119.6420","","","0.7","point","False","America/Los_Angeles","98827","1840033768"
"SeaTac","SeaTac","WA","Washington","53033","King","47.4445","-122.2986","29140","29140","1126","polygon","True","America/Los_Angeles","98158 98148 98198 98168 98188 98131","1840021116"
"Royal City","Royal City","WA","Washington","53025","Grant","46.9000","-119.6142","2205","2205","639","polygon","True","America/Los_Angeles","99357","1840019816"
"Beaux Arts Village","Beaux Arts Village","WA","Washington","53033","King","47.5854","-122.2009","326","326","1524","polygon","True","America/Los_Angeles","98004","1840019838"
"Steilacoom","Steilacoom","WA","Washington","53053","Pierce","47.1700","-122.5935","6337","6337","1215","polygon","True","America/Los_Angeles","98388","1840022309"
"Northport","Northport","WA","Washington","53065","Stevens","48.9159","-117.7796","296","296","202","polygon","True","America/Los_Angeles","99157","1840022274"
"Eldon","Eldon","WA","Washington","53045","Mason","47.5454","-123.0460","","","9.2","point","False","America/Los_Angeles","98555","1840037764"
"Ridgefield","Ridgefield","WA","Washington","53011","Clark","45.8116","-122.7052","7117.0","7959","422","polygon","True","America/Los_Angeles","98642","1840019909"
"Ryderwood","Ryderwood","WA","Washington","53015","Cowlitz","46.3749","-123.0441","","","332.9","polygon","False","America/Los_Angeles","98581","1840025275"
"Manchester","Manchester","WA","Washington","53035","Kitsap","47.5519","-122.5517","","","870.2","polygon","False","America/Los_Angeles","98366","1840017336"
"Vashon Heights","Vashon Heights","WA","Washington","53033","King","47.5057","-122.4654","","","492.3","point","False","America/Los_Angeles","98070","1840037598"
"Salmon Creek","Salmon Creek","WA","Washington","53011","Clark","45.7099","-122.6632","","","406.7","polygon","False","America/Los_Angeles","98686 98685","1840018520"
"Vantage","Vantage","WA","Washington","53037","Kittitas","46.9453","-119.9923","","","116.0","polygon","False","America/Los_Angeles","98950","1840018441"
"Creston","Creston","WA","Washington","53043","Lincoln","47.7596","-118.5201","226","226","212","polygon","True","America/Los_Angeles","99117","1840021109"
"Soap Lake","Soap Lake","WA","Washington","53025","Grant","47.3914","-119.4892","1579","1579","403","polygon","True","America/Los_Angeles","98851","1840021102"
"Silver Firs","Silver Firs","WA","Washington","53061","Snohomish","47.8635","-122.1497","","","2275.3","polygon","False","America/Los_Angeles","98296 98012 98208","1840037898"
"Plaza","Plaza","WA","Washington","53063","Spokane","47.3202","-117.3838","","","23.5","point","False","America/Los_Angeles","99170","1840037701"
"Machias","Machias","WA","Washington","53061","Snohomish","47.9917","-122.0515","","","258.3","polygon","False","America/Los_Angeles","98258 98290","1840017325"
"Neah Bay","Neah Bay","WA","Washington","53009","Clallam","48.3612","-124.6115","","","1589.2","polygon","False","America/Los_Angeles","98357","1840023937"
"Malo","Malo","WA","Washington","53019","Ferry","48.7998","-118.6119","","","27.2","polygon","False","America/Los_Angeles","99150","1840026093"
"Clyde Hill","Clyde Hill","WA","Washington","53033","King","47.6303","-122.2180","3318","3318","1213","polygon","True","America/Los_Angeles","98004","1840018413"
"Marlin","Marlin","WA","Washington","53025","Grant","47.4074","-118.9850","","","23.8","point","True","America/Los_Angeles","98832","1840037844"
"North Yelm","North Yelm","WA","Washington","53067","Thurston","46.9647","-122.6028","","","190.9","polygon","False","America/Los_Angeles","98597","1840037880"
"Grand Coulee","Grand Coulee","WA","Washington","53025","Grant","47.9391","-119.0031","1042","1042","330","polygon","True","America/Los_Angeles","99133","1840019815"
"Outlook","Outlook","WA","Washington","53077","Yakima","46.3311","-120.0923","","","169.6","polygon","False","America/Los_Angeles","98938","1840023855"
"Clinton","Clinton","WA","Washington","53029","Island","47.9731","-122.3577","","","487.7","polygon","False","America/Los_Angeles","98236","1840037632"
"Evans","Evans","WA","Washington","53065","Stevens","48.7135","-118.0253","","","20.2","point","False","America/Los_Angeles","99126","1840037765"
"Browns Point","Browns Point","WA","Washington","53053","Pierce","47.3036","-122.4369","","","1179.1","polygon","False","America/Los_Angeles","98422","1840037624"
"Kennewick","Kennewick","WA","Washington","53005","Benton","46.1979","-119.1732","232915.0","81607","1147","polygon","True","America/Los_Angeles","99337 99336 99338","1840018481"
"North Marysville","North Marysville","WA","Washington","53061","Snohomish","48.1112","-122.1459","","","77.3","polygon","False","America/Los_Angeles","98223 98271","1840037878"
"Beaver Valley","Beaver Valley","WA","Washington","53031","Jefferson","47.9259","-122.7302","","","34.3","point","False","America/Los_Angeles","98365","1840037528"
"Ahtanum","Ahtanum","WA","Washington","53077","Yakima","46.5581","-120.6099","","","323.4","polygon","False","America/Los_Angeles","98903 98908 98909","1840017368"
"Carbonado","Carbonado","WA","Washington","53053","Pierce","47.0805","-122.0536","701","701","649","polygon","True","America/Los_Angeles","98396 98323","1840022307"
"Hyak","Hyak","WA","Washington","53037","Kittitas","47.3929","-121.3929","","","69.4","point","False","America/Los_Angeles","98068","1840037777"
"Arlington Heights","Arlington Heights","WA","Washington","53061","Snohomish","48.2119","-122.0631","","","226.1","polygon","False","America/Los_Angeles","98223","1840037743"
"North Sultan","North Sultan","WA","Washington","53061","Snohomish","47.8827","-121.8251","","","306.2","polygon","False","America/Los_Angeles","98294","1840037859"
"Pullman","Pullman","WA","Washington","53075","Whitman","46.7342","-117.1661","33276.0","33354","1229","polygon","True","America/Los_Angeles","99164 99163","1840019864"
"Wymer","Wymer","WA","Washington","53037","Kittitas","46.8260","-120.4598","","","0.0","point","False","America/Los_Angeles","98901","1840033748"
"Adelaide","Adelaide","WA","Washington","53033","King","47.3309","-122.3604","","","1388.4","point","False","America/Los_Angeles","98023","1840037521"
"Peaceful Valley","Peaceful Valley","WA","Washington","53073","Whatcom","48.9477","-122.1406","","","762.6","polygon","False","America/Los_Angeles","98295 98244 98266","1840037896"
"West Richland","West Richland","WA","Washington","53005","Benton","46.3115","-119.3997","14596","14596","254","polygon","True","America/Los_Angeles","99320 99353","1840021168"
"Fife Heights","Fife Heights","WA","Washington","53053","Pierce","47.2593","-122.3457","","","523.6","polygon","False","America/Los_Angeles","98422 98424","1840037653"
"Manson","Manson","WA","Washington","53007","Chelan","47.8858","-120.1563","","","683.5","polygon","False","America/Los_Angeles","98831","1840025246"
"Sprague","Sprague","WA","Washington","53043","Lincoln","47.3048","-117.9713","441","441","163","polygon","True","America/Los_Angeles","99032","1840021107"
"Cosmopolis","Cosmopolis","WA","Washington","53027","Grays Harbor","46.9541","-123.7725","1624","1624","452","polygon","True","America/Los_Angeles","98520 98563 98537","1840018448"
"Redondo","Redondo","WA","Washington","53033","King","47.3484","-122.3235","","","1190.8","point","False","America/Los_Angeles","98198","1840037705"
"Waller","Waller","WA","Washington","53053","Pierce","47.2035","-122.3699","","","818.3","polygon","False","America/Los_Angeles","98404 98371 98443","1840037889"
"Addy","Addy","WA","Washington","53065","Stevens","48.3588","-117.8372","","","279.3","polygon","False","America/Los_Angeles","99101","1840025238"
"Matlock","Matlock","WA","Washington","53045","Mason","47.2379","-123.4079","","","1.4","point","False","America/Los_Angeles","98541","1840037793"
"Longbranch","Longbranch","WA","Washington","53053","Pierce","47.2257","-122.7739","","","97.4","polygon","False","America/Los_Angeles","98349 98351","1840023835"
"North Bonneville","North Bonneville","WA","Washington","53059","Skamania","45.6425","-121.9689","999","999","154","polygon","True","America/Los_Angeles","98648 98639","1840019903"
"Pomeroy","Pomeroy","WA","Washington","53023","Garfield","46.4737","-117.5967","1388","1388","303","polygon","True","America/Los_Angeles","99347","1840019891"
"Colville","Colville","WA","Washington","53065","Stevens","48.5454","-117.8986","5064.0","4765","596","polygon","True","America/Los_Angeles","99114","1840018361"
"Palmer","Palmer","WA","Washington","53033","King","47.3143","-121.8923","","","36.7","point","False","America/Los_Angeles","98051","1840037802"
"Skyway","Skyway","WA","Washington","53033","King","47.4915","-122.2543","","","2440.5","point","False","America/Los_Angeles","98178","1840037620"
"Medina","Medina","WA","Washington","53033","King","47.6256","-122.2338","3267","3267","879","polygon","True","America/Los_Angeles","98039","1840019829"
"Algona","Algona","WA","Washington","53033","King","47.2820","-122.2503","3185","3185","933","polygon","True","America/Los_Angeles","98001 98047","1840018415"
"Nine Mile Falls","Nine Mile Falls","WA","Washington","53063","Spokane","47.7757","-117.5461","","","53.5","point","False","America/Los_Angeles","99026","1840037609"
"Black Diamond","Black Diamond","WA","Washington","53033","King","47.3130","-122.0181","4436","4436","262","polygon","True","America/Los_Angeles","98010","1840018418"
"Gold Bar","Gold Bar","WA","Washington","53061","Snohomish","47.8566","-121.6927","2301","2301","824","polygon","True","America/Los_Angeles","98251","1840019786"
"Mesa","Mesa","WA","Washington","53021","Franklin","46.5737","-119.0013","503","503","119","polygon","True","America/Los_Angeles","99326 99343","1840019887"
"Cavalero Corner","Cavalero Corner","WA","Washington","53061","Snohomish","47.9782","-122.1349","","","149.6","point","False","America/Los_Angeles","98205","1840037734"
"Lilliwaup","Lilliwaup","WA","Washington","53045","Mason","47.4634","-123.1143","","","34.3","point","False","America/Los_Angeles","98555","1840037788"
"La Conner","La Conner","WA","Washington","53057","Skagit","48.3927","-122.4945","3475.0","939","915","polygon","True","America/Los_Angeles","98257","1840021068"
"Sheridan Beach","Sheridan Beach","WA","Washington","53033","King","47.7448","-122.2882","","","2013.0","point","False","America/Los_Angeles","98155","1840037884"
"Emden","Emden","WA","Washington","53001","Adams","47.1046","-118.1227","","","0.0","point","False","America/Los_Angeles","99169","1840033749"
"Markham","Markham","WA","Washington","53027","Grays Harbor","46.9155","-123.9814","","","47.4","polygon","False","America/Los_Angeles","98520","1840017359"
"Eltopia","Eltopia","WA","Washington","53021","Franklin","46.4587","-119.0172","","","79.4","point","False","America/Los_Angeles","99330","1840037650"
"Stevenson","Stevenson","WA","Washington","53059","Skamania","45.6943","-121.8932","1555","1555","364","polygon","True","America/Los_Angeles","98648","1840021180"
"Greenwater","Greenwater","WA","Washington","53053","Pierce","47.1465","-121.6320","","","55.3","polygon","False","America/Los_Angeles","98022","1840017343"
"Copalis Beach","Copalis Beach","WA","Washington","53027","Grays Harbor","47.1205","-124.1722","","","111.7","polygon","False","America/Los_Angeles","98535 98536","1840017356"
"Roosevelt","Roosevelt","WA","Washington","53061","Snohomish","47.8923","-122.0123","","","106.3","point","False","America/Los_Angeles","98290","1840037586"
"La Crosse","La Crosse","WA","Washington","53075","Whitman","46.8014","-117.9026","324","324","146","polygon","True","America/Los_Angeles","99143","1840037498"
"Summit","Summit","WA","Washington","53053","Pierce","47.1694","-122.3628","","","647.3","polygon","False","America/Los_Angeles","98371 98373 98446","1840018456"
"Ohop","Ohop","WA","Washington","53053","Pierce","46.9457","-122.1907","","","2.7","point","False","America/Los_Angeles","98360","1840037801"
"Malden","Malden","WA","Washington","53075","Whitman","47.2296","-117.4731","209","209","122","polygon","True","America/Los_Angeles","99149","1840022313"
"Beverly","Beverly","WA","Washington","53025","Grant","46.8368","-119.9331","","","205.8","point","False","America/Los_Angeles","99321","1840037491"
"Prosser","Prosser","WA","Washington","53005","Benton","46.2066","-119.7662","6264","6264","528","polygon","True","America/Los_Angeles","99350","1840019890"
"Lake Roesiger","Lake Roesiger","WA","Washington","53061","Snohomish","47.9839","-121.9129","","","11.9","polygon","False","America/Los_Angeles","98290","1840037853"
"Fern Prairie","Fern Prairie","WA","Washington","53011","Clark","45.6370","-122.3963","","","172.1","polygon","False","America/Los_Angeles","98607","1840023890"
"Maple Valley","Maple Valley","WA","Washington","53033","King","47.3660","-122.0369","25758","25758","1663","polygon","True","America/Los_Angeles","98038","1840019828"
"Gifford","Gifford","WA","Washington","53065","Stevens","48.3063","-118.1464","","","2.2","point","False","America/Los_Angeles","99131","1840037767"
"Auburn","Auburn","WA","Washington","53033","King","47.3041","-122.2110","80776","80776","1057","polygon","True","America/Los_Angeles","98001 98002 98092","1840018416"
"Burton","Burton","WA","Washington","53033","King","47.3890","-122.4607","","","438.4","point","False","America/Los_Angeles","98070","1840037625"
"Kewa","Kewa","WA","Washington","53019","Ferry","48.2010","-118.2786","","","0.7","point","False","America/Los_Angeles","99138","1840033740"
"Carrolls","Carrolls","WA","Washington","53015","Cowlitz","46.0715","-122.8623","","","126.6","point","False","America/Los_Angeles","98626","1840037627"
"Bayne","Bayne","WA","Washington","53033","King","47.2951","-121.9096","","","10.2","point","False","America/Los_Angeles","98022","1840037746"
"East Cathlamet","East Cathlamet","WA","Washington","53069","Wahkiakum","46.1968","-123.3580","","","636.3","polygon","False","America/Los_Angeles","98612","1840037849"
"Purdy","Purdy","WA","Washington","53053","Pierce","47.3938","-122.6114","","","379.3","polygon","False","America/Los_Angeles","98332","1840023838"
"Kapowsin","Kapowsin","WA","Washington","53053","Pierce","46.9727","-122.2272","","","55.4","polygon","False","America/Los_Angeles","98360 98338 98344","1840023832"
"Ketron","Ketron","WA","Washington","53053","Pierce","47.1569","-122.6343","","","1.9","polygon","False","America/Los_Angeles","98388","1840037558"
"Connell","Connell","WA","Washington","53021","Franklin","46.6626","-118.8404","5360.0","5535","275","polygon","True","America/Los_Angeles","99326","1840018479"
"Lincoln","Lincoln","WA","Washington","53043","Lincoln","47.8290","-118.4150","","","18.3","point","False","America/Los_Angeles","99147","1840037499"
"Clear Lake","Clear Lake","WA","Washington","53057","Skagit","48.4561","-122.2378","","","370.7","polygon","False","America/Los_Angeles","98235 98284 98273","1840023932"
"Kittitas","Kittitas","WA","Washington","53037","Kittitas","46.9837","-120.4192","1491","1491","729","polygon","True","America/Los_Angeles","98934 98926","1840019843"
"Bucoda","Bucoda","WA","Washington","53067","Thurston","46.7968","-122.8680","583","583","401","polygon","True","America/Los_Angeles","98530","1840021143"
"Ardenvoir","Ardenvoir","WA","Washington","53007","Chelan","47.7373","-120.3690","","","83.7","point","False","America/Los_Angeles","98811","1840037742"
"Ellisport","Ellisport","WA","Washington","53033","King","47.4204","-122.4354","","","329.3","point","False","America/Los_Angeles","98070","1840037649"
"Bainbridge Island","Bainbridge Island","WA","Washington","53035","Kitsap","47.6439","-122.5434","24522","24522","342","polygon","True","America/Los_Angeles","98110 98061","1840018409"
"Danville","Danville","WA","Washington","53019","Ferry","48.9938","-118.5068","","","13.7","polygon","False","America/Los_Angeles","99121","1840037761"
"Hazelwood","Hazelwood","WA","Washington","53033","King","47.5509","-122.1915","","","781.7","point","False","America/Los_Angeles","98006","1840037663"
"Holly","Holly","WA","Washington","53035","Kitsap","47.5576","-122.9785","","","23.6","point","False","America/Los_Angeles","98380","1840037775"
"Valley","Valley","WA","Washington","53065","Stevens","48.1730","-117.7245","","","111.2","polygon","False","America/Los_Angeles","99181","1840025241"
"Republic","Republic","WA","Washington","53019","Ferry","48.6477","-118.7326","1062","1062","274","polygon","True","America/Los_Angeles","99166","1840019766"
"Odessa","Odessa","WA","Washington","53043","Lincoln","47.3326","-118.6895","876","876","417","polygon","True","America/Los_Angeles","99159","1840022295"
"Edgewood","Edgewood","WA","Washington","53053","Pierce","47.2309","-122.2832","11213","11213","515","polygon","True","America/Los_Angeles","98372 98371","1840019852"
"Burlington","Burlington","WA","Washington","53057","Skagit","48.4677","-122.3298","8783","8783","792","polygon","True","America/Los_Angeles","98233","1840018367"
"Rice","Rice","WA","Washington","53065","Stevens","48.4288","-118.1703","","","13.4","point","False","America/Los_Angeles","99167","1840037810"
"Marengo","Marengo","WA","Washington","53001","Adams","47.0257","-118.1886","","","0.9","point","False","America/Los_Angeles","99169","1840033751"
"Cusick","Cusick","WA","Washington","53051","Pend Oreille","48.3328","-117.2962","217","217","161","polygon","True","America/Los_Angeles","99119","1840021060"
"Virginia","Virginia","WA","Washington","53035","Kitsap","47.7073","-122.6374","","","327.7","point","False","America/Los_Angeles","98370","1840037724"
"Concrete","Concrete","WA","Washington","53057","Skagit","48.5371","-121.7512","729","729","241","polygon","True","America/Los_Angeles","98237","1840022283"
"Langley","Langley","WA","Washington","53029","Island","48.0337","-122.4084","1124","1124","430","polygon","True","America/Los_Angeles","98260","1840019780"
"Othello","Othello","WA","Washington","53001","Adams","46.8222","-119.1651","12375.0","8132","790","polygon","True","America/Los_Angeles","99344","1840019862"
"North City","North City","WA","Washington","53033","King","47.7557","-122.3135","","","2860.9","point","False","America/Los_Angeles","98155","1840037689"
"Hazel Dell","Hazel Dell","WA","Washington","53011","Clark","45.6797","-122.6553","","","1388.9","polygon","False","America/Los_Angeles","98665","1840037662"
"Colfax","Colfax","WA","Washington","53075","Whitman","46.9031","-117.3394","2811.0","2900","299","polygon","True","America/Los_Angeles","99111","1840018458"
"Metaline","Metaline","WA","Washington","53051","Pend Oreille","48.8540","-117.3899","178","178","227","polygon","True","America/Los_Angeles","99152","1840022276"
"Randle","Randle","WA","Washington","53041","Lewis","46.5351","-121.9570","","","29.6","point","False","America/Los_Angeles","98377","1840037809"
"Millwood","Millwood","WA","Washington","53063","Spokane","47.6856","-117.2806","1784","1784","989","polygon","True","America/Los_Angeles","99206 99212","1840022289"
"Snoqualmie Pass","Snoqualmie Pass","WA","Washington","53037","Kittitas","47.4014","-121.4110","","","78.0","polygon","False","America/Los_Angeles","98068","1840037862"
"Bangor","Bangor","WA","Washington","53035","Kitsap","47.7209","-122.7460","","","240.9","point","False","America/Los_Angeles","98383","1840037618"
"Thorp","Thorp","WA","Washington","53037","Kittitas","47.0655","-120.6709","","","95.3","polygon","False","America/Los_Angeles","98946","1840018439"
"Tahlequah","Tahlequah","WA","Washington","53033","King","47.3326","-122.5073","","","179.8","point","False","America/Los_Angeles","98070","1840037596"
"Prescott","Prescott","WA","Washington","53071","Walla Walla","46.2988","-118.3125","304","304","292","polygon","True","America/Los_Angeles","99348","1840021175"
"Buckley","Buckley","WA","Washington","53053","Pierce","47.1615","-122.0200","4819","4819","482","polygon","True","America/Los_Angeles","98321","1840018455"
"Dalkena","Dalkena","WA","Washington","53051","Pend Oreille","48.2449","-117.2377","","","45.3","point","False","America/Los_Angeles","99156","1840037841"
"Leland","Leland","WA","Washington","53031","Jefferson","47.8918","-122.8866","","","7.1","point","False","America/Los_Angeles","98376","1840037785"
"Fruitvale","Fruitvale","WA","Washington","53077","Yakima","46.6179","-120.5531","","","513.9","point","False","America/Los_Angeles","98902","1840037656"
"Port Hadlock","Port Hadlock","WA","Washington","53031","Jefferson","48.0318","-122.7582","","","187.6","point","False","America/Los_Angeles","98339","1840037773"
"University Place","University Place","WA","Washington","53053","Pierce","47.2148","-122.5460","33401","33401","1547","polygon","True","America/Los_Angeles","98466 98467 98464","1840021130"
"Morton","Morton","WA","Washington","53041","Lewis","46.5575","-122.2815","1159","1159","544","polygon","True","America/Los_Angeles","98356","1840019882"
"Deep River","Deep River","WA","Washington","53069","Wahkiakum","46.3521","-123.6984","","","8.6","polygon","False","America/Los_Angeles","98638","1840023929"
"Elberton","Elberton","WA","Washington","53075","Whitman","46.9813","-117.2213","","","5.1","point","False","America/Los_Angeles","99130","1840037648"
"Kingston","Kingston","WA","Washington","53035","Kitsap","47.8014","-122.4989","","","402.1","polygon","False","America/Los_Angeles","98346","1840017338"
"Silverton","Silverton","WA","Washington","53061","Snohomish","48.0784","-121.5671","","","0.1","point","False","America/Los_Angeles","98252","1840033773"
"Vader","Vader","WA","Washington","53041","Lewis","46.4045","-122.9569","643","643","266","polygon","True","America/Los_Angeles","98593","1840021163"
"Donald","Donald","WA","Washington","53077","Yakima","46.4737","-120.3923","","","29.1","polygon","False","America/Los_Angeles","98951","1840023853"
"Miles","Miles","WA","Washington","53043","Lincoln","47.9107","-118.2925","","","11.7","point","False","America/Los_Angeles","99122","1840037686"
"Asotin","Asotin","WA","Washington","53003","Asotin","46.3371","-117.0433","1295","1295","483","polygon","True","America/Los_Angeles","99402","1840018500"
"Joyce","Joyce","WA","Washington","53009","Clallam","48.1365","-123.7341","","","48.1","point","False","America/Los_Angeles","98363","1840037779"
"Eagledale","Eagledale","WA","Washington","53035","Kitsap","47.6143","-122.5154","","","447.1","point","False","America/Los_Angeles","98110","1840037643"
"Port Ludlow","Port Ludlow","WA","Washington","53031","Jefferson","47.9101","-122.7006","","","598.8","polygon","False","America/Los_Angeles","98365","1840018388"
"Loomis","Loomis","WA","Washington","53047","Okanogan","48.8235","-119.6398","","","154.6","polygon","False","America/Los_Angeles","98827","1840025235"
"New London","New London","WA","Washington","53027","Grays Harbor","47.0573","-123.9271","","","22.5","point","False","America/Los_Angeles","98550","1840037504"
"Desert Aire","Desert Aire","WA","Washington","53025","Grant","46.6873","-119.9311","","","367.3","polygon","False","America/Los_Angeles","99349","1840037611"
"Poulsbo","Poulsbo","WA","Washington","53035","Kitsap","47.7417","-122.6407","10670","10670","869","polygon","True","America/Los_Angeles","98370","1840019822"
"Cedonia","Cedonia","WA","Washington","53065","Stevens","48.1538","-118.1692","","","22.2","point","False","America/Los_Angeles","99137","1840037537"
"Union","Union","WA","Washington","53045","Mason","47.3475","-123.0952","","","196.1","polygon","False","America/Los_Angeles","98592","1840025253"
"Suquamish","Suquamish","WA","Washington","53035","Kitsap","47.7237","-122.5830","","","1418.8","polygon","False","America/Los_Angeles","98392 98370","1840018411"
"Deep Creek","Deep Creek","WA","Washington","53063","Spokane","47.6429","-117.7122","","","20.5","point","False","America/Los_Angeles","99029","1840023917"
"Yoman","Yoman","WA","Washington","53053","Pierce","47.1865","-122.7062","","","15.4","point","False","America/Los_Angeles","98004","1840023916"
"Cordell","Cordell","WA","Washington","53047","Okanogan","48.8665","-119.4120","","","7.7","point","False","America/Los_Angeles","98844","1840037757"
"Hoquiam","Hoquiam","WA","Washington","53027","Grays Harbor","46.9863","-123.9023","8500","8500","344","polygon","True","America/Los_Angeles","98550","1840019845"
"Hay","Hay","WA","Washington","53075","Whitman","46.6788","-117.9158","","","0.6","point","False","America/Los_Angeles","99136","1840033756"
"Nespelem","Nespelem","WA","Washington","53047","Okanogan","48.1670","-118.9722","313","313","622","polygon","True","America/Los_Angeles","99155","1840022268"
"Ephrata","Ephrata","WA","Washington","53025","Grant","47.3119","-119.5344","7275.0","8017","298","polygon","True","America/Los_Angeles","98823","1840019813"
"Kent","Kent","WA","Washington","53033","King","47.3887","-122.2128","128458","128458","1470","polygon","True","America/Los_Angeles","98031 98030 98032 98042 98035 98064 98089","1840018424"
"Mukilteo","Mukilteo","WA","Washington","53061","Snohomish","47.9094","-122.3035","21469","21469","1323","polygon","True","America/Los_Angeles","98275","1840019793"
"Boise","Boise","WA","Washington","53033","King","47.1804","-122.0157","","","118.0","point","False","America/Los_Angeles","98022","1840037748"
"Kirkland","Kirkland","WA","Washington","53033","King","47.6997","-122.2041","88630","88630","1921","polygon","True","America/Los_Angeles","98034 98033 98011 98083","1840019836"
"Waitsburg","Waitsburg","WA","Washington","53071","Walla Walla","46.2696","-118.1510","1195","1195","388","polygon","True","America/Los_Angeles","99361","1840021173"
"Ridgecrest","Ridgecrest","WA","Washington","53033","King","47.7473","-122.3179","","","2379.9","point","False","America/Los_Angeles","98586 98577","1840023907"
"Freeman","Freeman","WA","Washington","53063","Spokane","47.5182","-117.1958","","","7.3","point","False","America/Los_Angeles","99036","1840037655"
"Dallesport","Dallesport","WA","Washington","53039","Klickitat","45.6316","-121.1749","","","220.6","polygon","False","America/Los_Angeles","98617 98635","1840018525"
"Redmond","Redmond","WA","Washington","53033","King","47.6762","-122.1166","64291","64291","1506","polygon","True","America/Los_Angeles","98052 98073","1840019835"
"Wilkeson","Wilkeson","WA","Washington","53053","Pierce","47.1034","-122.0495","507","507","420","polygon","True","America/Los_Angeles","98396","1840022310"
"Sisco Heights","Sisco Heights","WA","Washington","53061","Snohomish","48.1188","-122.1076","","","102.6","polygon","False","America/Los_Angeles","98223","1840037510"
"Lewisville","Lewisville","WA","Washington","53011","Clark","45.8127","-122.5144","","","123.3","polygon","False","America/Los_Angeles","98604","1840037855"
"Kennard Corner","Kennard Corner","WA","Washington","53061","Snohomish","47.8201","-122.2076","","","2936.7","point","False","America/Los_Angeles","98012","1840037671"
"Benge","Benge","WA","Washington","53001","Adams","46.9093","-118.1025","","","10.5","point","False","America/Los_Angeles","99105","1840037619"
"Granger","Granger","WA","Washington","53077","Yakima","46.3455","-120.1925","3542.0","3772","841","polygon","True","America/Los_Angeles","98932","1840019872"
"Yarrow Point","Yarrow Point","WA","Washington","53033","King","47.6452","-122.2179","1126","1126","1190","polygon","True","America/Los_Angeles","98004","1840022300"
"Lost Creek","Lost Creek","WA","Washington","53051","Pend Oreille","48.6094","-117.3636","","","15.2","point","False","America/Los_Angeles","99119","1840037790"
"Moxee City","Moxee City","WA","Washington","53077","Yakima","46.5537","-120.3831","","","2666.3","point","True","America/Los_Angeles","98936","1840037687"
"Hockinson","Hockinson","WA","Washington","53011","Clark","45.7301","-122.4833","","","237.5","polygon","False","America/Los_Angeles","98606","1840017399"
"Oakville","Oakville","WA","Washington","53027","Grays Harbor","46.8403","-123.2333","684","684","498","polygon","True","America/Los_Angeles","98568","1840019848"
"Tukwila","Tukwila","WA","Washington","53033","King","47.4748","-122.2727","20144","20144","847","polygon","True","America/Los_Angeles","98108 98178 98168 98188 98138 98190","1840021120"
"Mabana","Mabana","WA","Washington","53029","Island","48.0945","-122.4151","","","209.0","point","False","America/Los_Angeles","98282","1840037567"
"Kangley","Kangley","WA","Washington","53033","King","47.3618","-121.8801","","","49.9","point","False","America/Los_Angeles","98051","1840037782"
"Clallam Bay","Clallam Bay","WA","Washington","53009","Clallam","48.2536","-124.2579","","","313.1","polygon","False","America/Los_Angeles","98326","1840025247"
"Newport","Newport","WA","Washington","53051","Pend Oreille","48.1790","-117.0549","2635.0","2140","624","polygon","True","America/Los_Angeles","99156","1840019765"
"Enetai","Enetai","WA","Washington","53035","Kitsap","47.5885","-122.6058","","","540.5","polygon","False","America/Los_Angeles","98310","1840023794"
"Clearview","Clearview","WA","Washington","53061","Snohomish","47.8292","-122.1452","","","249.5","polygon","False","America/Los_Angeles","98296 98012 98072","1840023773"
"Sahalee","Sahalee","WA","Washington","53033","King","47.6348","-122.0554","","","602.5","point","False","America/Los_Angeles","98074","1840037883"
"Yelm","Yelm","WA","Washington","53067","Thurston","46.9398","-122.6261","16504.0","9125","618","polygon","True","America/Los_Angeles","98576 98597","1840021146"
"Midway","Midway","WA","Washington","53053","Pierce","47.3048","-122.5896","","","1083.6","point","False","America/Los_Angeles","98335","1840037574"
"Olympia","Olympia","WA","Washington","53067","Thurston","47.0418","-122.8959","196078.0","51609","1094","polygon","True","America/Los_Angeles","98501 98502 98506 98504 98507 98508 98511","1840019865"
"Endicott","Endicott","WA","Washington","53075","Whitman","46.9282","-117.6868","305","305","397","polygon","True","America/Los_Angeles","99125","1840021137"
"Lind","Lind","WA","Washington","53001","Adams","46.9703","-118.6162","556","556","193","polygon","True","America/Los_Angeles","99341","1840021134"
"Fife","Fife","WA","Washington","53053","Pierce","47.2328","-122.3517","10154","10154","684","polygon","True","America/Los_Angeles","98424","1840019853"
"Newport Hills","Newport Hills","WA","Washington","53033","King","47.5409","-122.1765","","","1462.4","point","False","America/Los_Angeles","98056","1840037688"
"Upper Mill","Upper Mill","WA","Washington","53033","King","47.1934","-121.9271","","","0.0","point","False","America/Los_Angeles","98022","1840033779"
"Upper Preston","Upper Preston","WA","Washington","53033","King","47.5051","-121.9076","","","153.1","point","False","America/Los_Angeles","98027","1840037827"
"Pateros","Pateros","WA","Washington","53047","Okanogan","48.0536","-119.8994","701","701","536","polygon","True","America/Los_Angeles","98846","1840019763"
"Nordland","Nordland","WA","Washington","53031","Jefferson","48.0509","-122.6910","","","72.6","point","False","America/Los_Angeles","98358","1840037579"
"Tyler","Tyler","WA","Washington","53063","Spokane","47.4360","-117.7835","","","9.9","point","False","America/Los_Angeles","99004","1840037721"
"Camden","Camden","WA","Washington","53051","Pend Oreille","48.0474","-117.2399","","","18.4","point","False","America/Los_Angeles","99009","1840037533"
"Palisades","Palisades","WA","Washington","53017","Douglas","47.4190","-119.9145","","","0.5","point","False","America/Los_Angeles","98845","1840033782"
"Rockport","Rockport","WA","Washington","53057","Skagit","48.4854","-121.6065","","","144.1","polygon","False","America/Los_Angeles","98283","1840018365"
"Port Orchard","Port Orchard","WA","Washington","53035","Kitsap","47.5160","-122.6615","13997","13997","559","polygon","True","America/Los_Angeles","98366 98367","1840019821"
"Preston","Preston","WA","Washington","53033","King","47.5237","-121.9271","","","160.2","point","False","America/Los_Angeles","98027","1840037806"
"Tieton","Tieton","WA","Washington","53077","Yakima","46.7026","-120.7560","1294","1294","570","polygon","True","America/Los_Angeles","98947","1840022319"
"Rochester","Rochester","WA","Washington","53067","Thurston","46.8288","-123.0722","","","437.0","polygon","False","America/Los_Angeles","98579","1840018459"
"Bingen","Bingen","WA","Washington","53039","Klickitat","45.7139","-121.4704","729","729","452","polygon","True","America/Los_Angeles","98605","1840018529"
"Harbour Pointe","Harbour Pointe","WA","Washington","53061","Snohomish","47.8857","-122.3051","","","2484.9","point","False","America/Los_Angeles","98275","1840037871"
"Wellpinit","Wellpinit","WA","Washington","53065","Stevens","47.8879","-117.9880","","","109.9","point","False","America/Los_Angeles","99040","1840037726"
"Glacier","Glacier","WA","Washington","53073","Whatcom","48.8902","-121.9323","","","18.9","polygon","False","America/Los_Angeles","98244","1840017292"
"Farmington","Farmington","WA","Washington","53075","Whitman","47.0887","-117.0464","154","154","164","polygon","True","America/Los_Angeles","99128","1840021140"
"Eastsound","Eastsound","WA","Washington","53055","San Juan","48.6968","-122.9055","","","386.6","point","False","America/Los_Angeles","98245","1840037735"
"Central Park","Central Park","WA","Washington","53027","Grays Harbor","46.9705","-123.7018","","","420.5","polygon","False","America/Los_Angeles","98520","1840017358"
"Bremerton","Bremerton","WA","Washington","53035","Kitsap","47.5436","-122.7122","216480.0","41041","557","polygon","True","America/Los_Angeles","98312 98314 98310 98367 98337","1840018410"
"Friday Harbor","Friday Harbor","WA","Washington","53055","San Juan","48.5324","-123.0656","2407","2407","430","polygon","True","America/Los_Angeles","98250","1840021065"
"Carnation","Carnation","WA","Washington","53033","King","47.6446","-121.9048","2164","2164","725","polygon","True","America/Los_Angeles","98014","1840018421"
"Lake Shore","Lake Shore","WA","Washington","53011","Clark","45.6911","-122.6911","","","2221.8","polygon","False","America/Los_Angeles","98665 98685","1840037873"
"Houghton","Houghton","WA","Washington","53033","King","47.6609","-122.2060","","","2649.0","point","False","America/Los_Angeles","98033","1840037664"
"Lester","Lester","WA","Washington","53033","King","47.2093","-121.4940","","","0.0","point","False","America/Los_Angeles","98045","1840033765"
"Lake Stevens","Lake Stevens","WA","Washington","53061","Snohomish","48.0029","-122.0960","32785","32785","1424","polygon","True","America/Los_Angeles","98258 98205","1840019794"
"Mineral","Mineral","WA","Washington","53041","Lewis","46.7193","-122.1859","","","160.0","polygon","False","America/Los_Angeles","98355","1840025263"
"Lake Stickney","Lake Stickney","WA","Washington","53061","Snohomish","47.8709","-122.2596","","","1569.6","polygon","False","America/Los_Angeles","98087 98204","1840037894"
"Acme","Acme","WA","Washington","53073","Whatcom","48.7146","-122.2293","","","82.2","polygon","False","America/Los_Angeles","98220","1840017288"
"Oyehut","Oyehut","WA","Washington","53027","Grays Harbor","47.0232","-124.1631","","","108.8","polygon","False","America/Los_Angeles","98550","1840037697"
"Mossyrock","Mossyrock","WA","Washington","53041","Lewis","46.5305","-122.4887","789","789","444","polygon","True","America/Los_Angeles","98564","1840019883"
"Bridgeport","Bridgeport","WA","Washington","53017","Douglas","48.0063","-119.6737","2555","2555","961","polygon","True","America/Los_Angeles","98813","1840018387"
"Fobes Hill","Fobes Hill","WA","Washington","53061","Snohomish","47.9391","-122.1341","","","235.5","polygon","False","America/Los_Angeles","98290","1840037736"
"Rosario","Rosario","WA","Washington","53055","San Juan","48.6487","-122.8760","","","189.8","point","False","America/Los_Angeles","98245","1840037708"
"Brewster","Brewster","WA","Washington","53047","Okanogan","48.1034","-119.7751","2343","2343","785","polygon","True","America/Los_Angeles","98812","1840018359"
"Fox Island","Fox Island","WA","Washington","53053","Pierce","47.2475","-122.6255","","","241.2","polygon","False","America/Los_Angeles","98333","1840037870"
"Canyon Park","Canyon Park","WA","Washington","53061","Snohomish","47.7909","-122.1926","","","1282.8","point","False","America/Los_Angeles","98021","1840037626"
"Rock Island","Rock Island","WA","Washington","53017","Douglas","47.3743","-120.1382","1015","1015","478","polygon","True","America/Los_Angeles","98850","1840019796"
"High Rock","High Rock","WA","Washington","53061","Snohomish","47.8129","-121.9826","","","59.2","point","False","America/Los_Angeles","98272","1840037774"
"Rockford","Rockford","WA","Washington","53063","Spokane","47.4513","-117.1307","477","477","271","polygon","True","America/Los_Angeles","99030","1840021095"
"Erlands Point","Erlands Point","WA","Washington","53035","Kitsap","47.5998","-122.6929","","","1097.5","point","False","America/Los_Angeles","98312","1840037651"
"Montesano","Montesano","WA","Washington","53027","Grays Harbor","47.0102","-123.5858","8494.0","3963","147","polygon","True","America/Los_Angeles","98563","1840019847"
